{"cameraMode":{"drawMode":0,"name":"Shaded","section":"Shading Mode"},"sceneLighting":false,"audioPlay":false,"sceneViewState":{"m_AlwaysRefresh":false,"showFog":true,"showSkybox":false,"showFlares":true,"showImageEffects":true,"showParticleSystems":true,"showVisualEffectGraphs":true,"m_FxEnabled":false},"in2DMode":false,"pivot":{"x":-0.8425673842430115,"y":7.8118510246276859,"z":-6.481860637664795},"rotation":{"x":-0.42750024795532229,"y":-0.01458146795630455,"z":0.007116667460650206,"w":-0.9036173224449158},"size":0.1888488382101059,"orthographic":false}